0	1	date
-76.64127119999999	39.0457549	4606
-1.1743197	52.3555177	9990
-91.96233269999999	30.9842977	7001
-86.39027	35.8456213	3245
-81.1637245	33.836081	13099
-102.4107493	34.2331373	5591
-95.712891	37.09024	12561
-80.2461714	40.17396	5992
-85.60236429999999	44.3148443	12622
-84.15464519999999	36.2178566	6655
-76.14742439999999	43.0481221	3810
-96.1783111	33.5773275	4548
-95.3698028	29.7604267	6351
-79.4694767	35.1954345	3560
-95.712891	37.09024	4766
-71.0684923	48.4280529	1103
-0.0722785	51.60496740000001	2014
-0.1277583	51.5073509	4634
-77.1945247	41.2033216	7382
-91.96233269999999	30.9842977	4902
-81.5157535	27.6648274	3890
-82.53065269999999	27.3364347	2977
3.3792057	6.5243793	9458
-98.4842465	39.011902	8802
-74.4056612	40.0583238	12893
-82.9000751	32.1656221	5631
-118.6523096	34.16028319999999	391
-0.1277583	51.5073509	7431
-87.6297982	41.8781136	12347
-97.092877	35.0077519	3870
-95.712891	37.09024	69
-82.90712300000001	40.4172871	7514
-78.9097634	43.23866659999999	1469
-120.8958242	38.8375215	6859
-77.1945247	41.2033216	7632
-122.2754521	38.274246	7247
-4.251806	55.864237	6379
71.1923805	22.258652	8650
-112.431304	33.72826800000001	7446
-81.5157535	27.6648274	4883
-122.2623906	37.8368723	5820
-77.6930602	43.2097837	4663
-99.9018131	31.9685988	10544
-122.3718195	41.4107448	11564
-88.0895061	41.6475306	9075
-118.2436849	34.0522342	10372
-38.5266704	-3.7318616	8830
-4.2026458	56.49067119999999	9664
-86.902298	32.3182314	12915
-92.28959479999999	34.7464809	13305
-116.5765035	53.9332706	1401
-73.9712488	40.7830603	716
-74.0059413	40.7127837	10891
3.3792057	6.5243793	9170
-95.712891	37.09024	8986
-95.712891	37.09024	6961
-81.65565099999999	30.3321838	11518
-81.5157535	27.6648274	8050
-118.2436849	34.0522342	6477
-81.6943605	41.49932	5724
-77.6363806	38.8120591	5369
-112.5746227	39.3524001	5804
-115.1398296	36.1699412	6243
-74.0059413	40.7127837	10598
-81.5157535	27.6648274	875
-8.629105299999999	41.1579438	1516
-74.1502007	40.5795317	5918
2.3522219	48.856614	1283
-94.56848280000001	45.6041313	4052
-119.4179324	36.778261	9246
-106.346771	56.130366	4073
-82.1617883	34.1954001	5034
-84.26633509999999	41.1003272	2600
-81.935143	40.8050565	978
-87.9064736	43.0389025	13062
-77.0427891	-12.0463667	11111
46.6752957	24.7135517	8702
-71.4774291	41.5800945	10737
-95.712891	37.09024	7280
-96.3344068	30.627977	11291
-0.5599501	51.31475930000001	12910
-78.8783689	42.88644679999999	4740
-74.4056612	40.0583238	11975
-94.96159399999999	29.7270612	3974
-87.6297982	41.8781136	11412
-102.4107493	34.2331373	1713
-87.6297982	41.8781136	11084
-102.4107493	34.2331373	618
133.775136	-25.274398	13503
-74.0059413	40.7127837	11479
-95.70385209999999	32.4459745	11169
5.7932008	5.5543995	13325
-95.712891	37.09024	308
-74.0059413	40.7127837	2891
-82.3878709	28.5552719	8695
-73.974167	40.7625	7399
47.481766	29.31166	3008
-117.5664384	33.8752935	1949
19.145136	51.919438	9367
-81.46259189999999	30.6696818	5019
-95.712891	37.09024	2302
-87.6297982	41.8781136	1111
-96.79698789999999	32.7766642	8377
-85.60236429999999	44.3148443	4892
-122.6764816	45.5230622	783
-112.0740373	33.4483771	2174
-95.712891	37.09024	11142
-82.9000751	32.1656221	8287
-74.3676356	43.0067399	8659
-94.76881619999999	30.4527067	11166
-115.1398296	36.1699412	9881
30.802498	26.820553	8945
-91.94795859999999	38.84670819999999	4949
-63.5752387	44.64876350000001	5156
130.28062	47.29014799999999	10374
-76.56674919999999	39.2887746	11599
7.0498442	4.815554	7208
-116.2155619	33.7205771	6460
-98.4842465	39.011902	12130
-82.7192671	28.2441768	7308
-84.3831166	33.783315	8058
-74.4056612	40.0583238	5931
-73.77813909999999	40.6413111	1231
-76.64127119999999	39.0457549	1190
-115.1398296	36.1699412	5213
-93.7501789	32.5251516	5448
4.0744009	48.2973451	8480
-84.5120196	39.1031182	10761
-113.4909267	53.544389	13595
-79.3831843	43.653226	10860
-99.9018131	31.9685988	48
-86.902298	32.3182314	4043
-80.2933838	36.2404158	720
3.3792057	6.5243793	5007
-90.19940419999999	38.6270025	7734
-99.9018131	31.9685988	11673
-120.7401386	47.7510741	3913
-97.092877	35.0077519	10469
-92.09097659999999	34.2739862	7325
-89.8084192	33.7690049	644
-99.9018131	31.9685988	7046
-95.11223729999999	30.8153756	6
-97.9413941	29.8832749	10167
-118.2436849	34.0522342	7027
-86.5861037	34.7303688	10046
-95.712891	37.09024	7706
-100.3161126	25.6866142	2517
-99.9018131	31.9685988	4827
-95.712891	37.09024	8609
-92.1193012	32.5093109	11229
-99.9018131	31.9685988	5076
-118.2436849	34.0522342	12127
133.775136	-25.274398	10942
-82.4571776	27.950575	10883
-76.7260436	34.7229391	5467
-87.2169149	30.42130899999999	8506
-0.1277583	51.5073509	4816
-86.902298	32.3182314	1890
-117.2611527	34.0483474	288
-76.8205119	42.167019	7661
153.0251235	-27.4697707	6352
36.8219462	-1.2920659	9557
-82.9000751	32.1656221	3483
-118.2436849	34.0522342	3062
77.10249019999999	28.7040592	9194
0.573453	50.854259	2801
-85.64474919999999	42.8694731	5321
-1.234956	54.574227	22
-96.3344068	30.627977	3480
-117.3961564	33.9533487	9854
-116.956499	32.5533101	11074
-48.0682555	-16.0160682	7774
-95.712891	37.09024	10717
-83.8240663	34.2978794	7989
-117.1610838	32.715738	11805
153.1932534	-28.6104322	6332
-83.1285242	40.5886699	6221
-83.9207392	35.9606384	10820
-120.7401386	47.7510741	8205
-58.8306349	-27.4692131	11763
-86.1349019	40.2671941	4104
-119.1770516	34.1975048	11401
-113.4909267	53.544389	5354
-92.09108979999999	29.96951	6865
-82.4571776	27.950575	11105
-71.2079809	46.8138783	7117
-80.8431267	35.2270869	11856
-91.96233269999999	30.9842977	8348
-97.3307658	32.7554883	7164
-88.7878678	43.7844397	5747
-99.9018131	31.9685988	2402
-99.99619469999999	25.592172	3312
-86.158068	39.768403	6140
-105.7820674	39.5500507	12018
-77.1945247	41.2033216	4750
-95.712891	37.09024	5379
2.213749	46.227638	3344
-90.42429159999999	40.0175483	3330
-74.0059413	40.7127837	3059
-88.41317579999999	47.0977044	8447
21.0122287	52.2296756	3435
-118.2436849	34.0522342	12988
113.921327	-0.789275	10667
-84.3879824	33.7489954	597
12.2118985	45.5534886	4578
-119.4179324	36.778261	11876
-90.53896619999999	41.8239952	2289
7.0498442	4.815554	10006
-95.712891	37.09024	7301
-110.926479	32.2217429	10586
-81.5157535	27.6648274	5040
-77.4874416	39.0437567	10988
-71.4774291	41.5800945	5545
21.824312	39.074208	10501
-81.5157535	27.6648274	7115
-73.1260999	7.117319999999999	6708
11.97456	57.70887	7289
-71.2079809	46.8138783	8423
81.7267341	17.0125213	11714
-0.1277583	51.5073509	549
-95.712891	37.09024	8111
-95.712891	37.09024	8504
6.9602786	50.937531	1607
30.5234	50.4501	7960
77.8252923	12.7409127	6177
-118.4517449	33.9802893	5611
-115.1398296	36.1699412	2903
-78.31974699999999	44.309058	5229
121.774017	12.879721	12122
-91.96233269999999	30.9842977	7150
-77.0772052	38.9949153	8606
-103.4350312	35.3386262	12548
82.91595029999999	18.7688003	12927
67.0099388	24.8614622	4812
-78.6903098	43.1706128	2282
-83.6817126	39.9333565	13019
2.3522219	48.856614	3329
-71.0120127	43.12224399999999	2192
-95.712891	37.09024	9232
-80.1300455	25.790654	3777
-121.6555013	36.6777372	2933
-97.7430608	30.267153	7599
-81.269453	28.8028612	627
-119.4179324	36.778261	13498
-82.90712300000001	40.4172871	2018
-95.712891	37.09024	6792
-93.0275802	44.8759802	2610
136.9065647	35.1801883	9637
-80.3272741	25.7548223	4303
-119.4179324	36.778261	6233
-82.9000751	32.1656221	11894
-88.7878678	43.7844397	13251
-93.097702	41.8780025	9442
-73.7948516	41.1220194	11594
-84.406761	33.8372663	3634
-85.60236429999999	44.3148443	5149
-84.6747523	45.0275126	5159
-121.1564848	38.1097597	12365
-83.9207392	35.9606384	4912
-73.13496099999999	40.789142	2179
78.96288	20.593684	11036
-71.3824374	42.4072107	64
-80.0590804	26.8171165	3304
139.2814638	36.1974437	10904
-120.5542012	43.8041334	4587
-98.1244531	29.7030024	1845
-71.4774291	41.5800945	6594
127.766922	35.907757	12873
-73.9441579	40.6781784	8311
-90.0489801	35.1495343	4506
-87.6297982	41.8781136	9273
127.0605075	37.9034112	12786
-74.7922202	40.0205975	5850
-73.9973608	41.9270367	6948
-95.712891	37.09024	9578
-75.1652215	39.9525839	1509
-116.9446123	32.7913116	3102
-73.567256	45.5016889	2435
20.5937585	45.82664320000001	11031
-71.3824374	42.4072107	10824
-92.4421011	35.0886963	7292
-95.712891	37.09024	7700
-71.0588801	42.3600825	5782
-119.4179324	36.778261	283
-111.8314724	33.4151843	1883
-84.2700179	37.8393332	6264
-2.13125	49.214439	7151
-0.328744	45.691046	9883
-99.9018131	31.9685988	2205
-95.712891	37.09024	7993
-84.3879824	33.7489954	8550
-82.5145402	28.1486246	3026
-3.962566	55.866267	1948
-74.28591569999999	40.5380876	7
-78.880315	43.0203347	3526
76.17837390000001	18.2069636	13297
74.8559568	12.9141417	10812
-77.8935966	34.0351726	5579
-80.7209149	40.0639616	2955
-82.9824019	39.3331197	10063
-80.13731740000001	26.1224386	5204
8.6724335	49.3987524	2510
-6.2223162	53.2512313	776
-118.2436849	34.0522342	7805
3.3792057	6.5243793	11326
-99.9018131	31.9685988	2818
-81.71837330000001	30.0847449	298
-95.712891	37.09024	11979
-104.6091409	38.2544472	2838
-0.1869644	5.6037168	11713
-95.712891	37.09024	2202
-74.5826166	-8.3928622	8301
-3.0356748	53.8175053	5370
34.851612	31.046051	9121
-84.6597274	43.3789199	6442
-92.00319549999999	34.2284312	4867
-95.712891	37.09024	4999
8.675277	9.081999	226
-95.3698028	29.7604267	136
-73.8648268	40.8447819	10441
-118.4396756	34.1825782	4373
7.524724300000001	5.430892099999999	11386
77.2309277	28.5093102	6291
-51.92528	-14.235004	12987
-74.0059413	40.7127837	7188
73.0441352	33.598394	6950
-5.93012	54.59728500000001	3303
9.732010400000002	52.3758916	13228
121.0508645	14.5176184	9368
-91.57056949999999	33.057837	13546
-46.830733	-23.5890232	12061
77.2090212	28.6139391	13489
32.5825197	0.3475964	11875
-0.098234	51.376165	12572
-97.3307658	32.7554883	7516
-90.5989759	29.7274331	4582
6.536765	46.5613135	12839
-95.65081400000001	35.9517674	11857
-102.7896242	46.8791756	3679
-99.9018131	31.9685988	5735
-90.4531535	31.2437872	5087
-85.1393513	41.079273	9249
-88.0817251	41.525031	12242
-117.6981075	33.4669721	7237
-99.9018131	31.9685988	11039
-78.8866943	33.6890603	4437
-74.0059413	40.7127837	4080
100.5017651	13.7563309	7579
-95.712891	37.09024	7724
-118.2436849	34.0522342	9014
-95.712891	37.09024	11706
-97.0780654	32.9342919	9460
-99.9018131	31.9685988	2441
-105.7820674	39.5500507	11381
-121.9836029	47.5480339	10176
73.0441352	33.598394	11997
-82.99879419999999	39.9611755	13459
-95.712891	37.09024	12417
-73.5387341	41.0534302	7616
-3.5517167	55.9070198	6682
-83.5070203	35.6531943	6776
-77.7905339	35.9382103	4310
-76.64127119999999	39.0457549	12875
-73.7562317	42.6525793	12878
-2.445258	52.678419	1733
-95.712891	37.09024	5732
-111.8638226	40.5246711	4537
-95.712891	37.09024	687
-82.8373654	34.6834382	9112
-52.6711356	-26.2297202	7007
-121.3461882	38.5663036	8124
4.773597	45.991974	4090
-117.6708966	35.6224561	3307
-102.552784	23.634501	7409
-99.9018131	31.9685988	2189
-66.58973	6.42375	7674
-62.6496813	8.3663119	4406
-0.1220873	53.2907362	12758
-84.0043513	34.1206564	12020
-95.3698028	29.7604267	8390
-122.2608044	38.1749178	12126
-122.3320708	47.6062095	7179
8.620970699999999	52.3814709	2301
-80.3000866	39.3956423	3365
-74.0059413	40.7127837	2267
-0.8755514999999999	52.27299439999999	6705
-115.4733551	35.01099110000001	8509
14.375416	35.937496	9795
-97.5164276	35.4675602	9139
0.068161	51.655942	4273
-82.9000751	32.1656221	12491
-81.5157535	27.6648274	6755
-111.0937311	34.0489281	12377
-75.2176892	38.3226153	569
-80.1917902	25.7616798	12051
-81.5157535	27.6648274	5301
-96.79698789999999	32.7766642	5756
-99.9018131	41.4925374	2053
-77.20027449999999	40.2010241	3627
-84.0205029	42.3180919	4089
-94.51328099999999	37.08422710000001	6128
-99.48032409999999	27.5305671	5141
-71.5723953	43.1938516	10887
-87.6297982	41.8781136	11669
-95.712891	37.09024	7081
-76.4113497	40.3409251	3477
-99.9018131	31.9685988	7529
-80.1917902	25.7616798	10562
-86.5861037	34.7303688	11153
67.0099388	24.8614622	12161
76.4794435	22.0771811	4130
-81.5157535	27.6648274	11259
-2.893075	53.193392	10687
-0.1277583	51.5073509	9648
-79.9958864	40.44062479999999	6180
-84.14019259999999	34.2073196	5070
129.2247477	35.8561719	9849
72.8776559	19.0759837	7617
-122.6764816	45.5230622	10104
-6.4345836	53.2810955	1769
-91.8318334	37.9642529	1189
-75.2479061	40.4107964	1327
-97.13950799999999	32.8254723	5617
39.2375507	21.2854067	2861
-74.65321329999999	40.2273316	12475
-95.712891	37.09024	12565
-104.8213634	38.8338816	3501
-85.79197839999999	42.907248	286
-86.5804473	35.5174913	1796
-70.8226541	43.9653889	12430
12.453389	41.902916	12060
12.56738	41.87194	10644
-95.712891	37.09024	12453
-111.9400054	33.4255104	3770
-111.9260519	33.4941704	6956
-0.1277583	51.5073509	11508
-1.1581086	52.95478319999999	1678
142.8634737	43.2203266	3229
-95.712891	37.09024	10515
-77.0368707	38.9071923	6532
-87.6297982	41.8781136	6701
174.885971	-40.900557	12707
-74.4056612	40.0583238	12192
3.3792057	6.5243793	1208
-71.3128285	41.4901024	221
-115.4522623	32.6245389	9008
35.6040785	3.1155165	6369
-82.9000751	32.1656221	8950
-119.4179324	36.778261	5288
130.4017155	33.5903547	564
-82.9000751	32.1656221	11257
-82.7535049	39.8842304	1314
84.12400799999999	28.394857	8540
-87.70081929999999	30.2460361	9222
-100.8958674	29.3708857	5198
-104.6091409	38.2544472	13031
-106.6509291	35.0895135	1574
-84.7463757	42.7533685	11940
-98.49362819999999	29.4241219	3125
-95.712891	37.09024	318
-97.0544341	28.0205733	4453
78.486671	17.385044	7849
-6.2603097	53.3498053	4212
-120.7401386	47.7510741	1215
-43.1728965	-22.9068467	10008
-87.6297982	41.8781136	11560
37.6173	55.755826	11128
-75.63740829999999	40.3337075	747
2.7937265	50.48011529999999	614
-95.712891	37.09024	8254
-111.9260519	33.4941704	3055
90.4125181	23.810332	877
178.065032	-17.713371	8521
-79.3831843	43.653226	12665
-0.3367413	53.7456709	7702
-74.0059413	40.7127837	11310
-84.3879824	33.7489954	918
-74.0059413	40.7127837	2928
-81.5157535	27.6648274	12108
-74.0059413	40.7127837	11757
-78.87835849999999	35.0526641	5119
-120.8038204	37.7879834	11586
-86.902298	32.3182314	225
-81.1637245	33.836081	5555
5.36978	43.296482	8560
-120.7401386	47.7510741	8723
-94.5785667	39.0997265	10594
-78.8783689	42.88644679999999	12394
80.77179699999999	7.873053999999999	2615
142.7027956	-20.9175738	7798
-73.8801301	40.737975	13229
-74.0059413	40.7127837	11215
-99.9018131	31.9685988	5333
-71.3824374	42.4072107	5207
-117.6119925	33.4269728	8527
-95.712891	37.09024	5492
-81.51900529999999	41.0814447	13030
-77.748882	39.4575994	11251
-85.60236429999999	44.3148443	8716
-81.7948103	26.1420358	6499
-86.7816016	36.1626638	2064
-81.5157535	27.6648274	4608
-74.0059413	40.7127837	3755
-96.1783111	33.5773275	12699
-95.712891	37.09024	18
-46.63330939999999	-23.5505199	1157
-78.8783689	42.88644679999999	12005
35.21371	31.768319	65
-78.9453056	34.9704419	7137
-0.8719715	53.6958218	7590
-119.4179324	36.778261	9193
-71.639899	46.101467	5740
-2.997664	51.584151	10009
-74.0059413	40.7127837	10999
36.8219462	-1.2920659	10783
-97.80673050000001	30.20299739999999	13298
-99.9018131	31.9685988	7408
-76.1518547	43.0517745	7436
-86.1349019	40.2671941	2990
-9.696645	9.945587	823
-79.3831843	43.653226	2634
-74.6357148	40.684268	5135
-77.1945247	41.2033216	4103
-74.0059413	40.7127837	5274
-1.1743197	52.3555177	2789
-99.9018131	31.9685988	5710
-85.70441489999999	35.0123024	4687
-70.29624079999999	41.6687897	7552
18.4240553	-33.9248685	451
72.8776559	19.0759837	11840
-117.1610838	32.715738	9837
-82.90712300000001	40.4172871	12763
-96.22112840000001	41.7783218	4368
-74.0059413	40.7127837	12579
-118.2436849	34.0522342	2859
-80.2767327	26.6514503	10366
-117.1483648	33.4936391	6874
100.6041987	13.9132602	6170
-73.087749	41.6032207	4231
77.10249019999999	28.7040592	10593
-3.6879292	40.35335	1048
-74.0059413	40.7127837	12552
-95.712891	37.09024	8717
-95.712891	37.09024	1313
-79.9958864	40.44062479999999	3324
-74.4056612	40.0583238	11877
-119.4179324	36.778261	4972
-78.4055767	42.9600595	9160
120.9842195	14.5995124	11732
-120.7401386	47.7510741	7978
-77.04023149999999	38.851242	5739
-50.2188556	-27.2423392	11005
-117.8426818	33.6958573	4429
-89.9563604	35.9536861	11307
-95.712891	37.09024	13270
-95.712891	37.09024	2979
-89.3985283	32.3546679	7677
-86.468321	38.55616630000001	779
-113.8112386	52.2681118	8432
83.1641562	19.9074279	4762
-77.4302414	34.7540524	10630
-81.5157535	27.6648274	10829
-90.0715323	29.95106579999999	3588
30.3350986	59.9342802	10840
101.975766	4.210484	9358
-115.1398296	36.1699412	11217
-112.0740373	33.4483771	2060
-74.4056612	40.0583238	6704
-81.1637245	33.836081	4092
-105.271378	40.2247075	6315
-1.912358	53.867795	11985
-2.7414251	52.7208656	8170
105.5591218	10.0653203	11083
-96.3344068	30.627977	4056
144.9630576	-37.8136276	10565
-73.087749	41.6032207	1677
-76.64127119999999	39.0457549	678
-1.5740888	54.8591161	2081
-79.8342163	42.2156131	3629
-84.5120196	39.1031182	8745
-118.0019482	34.1442616	12260
-122.4112973	37.7558938	4550
-82.4571776	27.950575	5427
18.0685808	59.32932349999999	10198
-1.3635009	53.4326035	4434
-77.0368707	38.9071923	1476
10.451526	51.165691	1641
-79.01929969999999	35.7595731	7108
-82.99879419999999	39.9611755	4433
-73.5491361	52.9399159	1801
-77.1945247	41.2033216	9205
-105.8700901	34.5199402	12081
-88.7878678	43.7844397	12709
-81.0228331	29.2108147	1185
-95.712891	37.09024	2748
-92.4343035	31.3224044	11222
-85.60236429999999	44.3148443	2920
-81.5157535	27.6648274	13328
-99.9018131	31.9685988	3147
-81.5157535	27.6648274	11626
-112.0740373	33.4483771	3797
-119.76075	36.854488	7060
-122.3320708	47.6062095	6377
-120.7401386	47.7510741	12924
147.3271949	-42.8821377	3571
-46.63330939999999	-23.5505199	10336
78.96288	20.593684	5774
-122.1806767	37.42596109999999	2556
-117.1858759	34.5008311	10968
-119.4179324	36.778261	58
-80.1289321	26.3683064	10348
-95.712891	37.09024	5439
-123.0867536	44.0520691	2245
-91.2721353	30.4607438	11705
78.16424780000001	29.9456906	9092
-119.4179324	36.778261	9369
-92.4801989	44.0121221	8821
-90.0511018	35.1197357	10203
-101.0020119	47.5514926	3034
-87.56645379999999	37.9774606	4489
-0.1277583	51.5073509	2529
-110.926479	32.2217429	1304
-99.9018131	31.9685988	8577
-75.07350559999999	39.8395581	2080
-84.5120196	39.1031182	11654
-83.6499321	41.04422	5237
-74.0059413	40.7127837	7662
-83.9207392	35.9606384	1393
-84.2700179	37.8393332	8525
-118.2436849	34.0522342	11191
-118.2436849	34.0522342	9338
-0.1277583	51.5073509	3037
-46.87294199999999	-23.5113691	1193
-82.8123646	39.8466556	5964
133.775136	-25.274398	7951
-71.0588801	42.3600825	7713
-93.7379711	36.4011825	1810
-99.9018131	31.9685988	1326
77.5945627	12.9715987	9701
-120.939249	47.1953976	9690
-0.1277583	51.5073509	9914
-1.890401	52.48624299999999	2139
-64.1887761	-31.42008329999999	10782
-75.7116032	39.8467767	778
72.8776559	19.0759837	11054
-73.087749	41.6032207	7426
-119.4179324	36.778261	3895
-94.6858998	46.729553	8768
-66.590149	18.220833	4474
36.8219462	-1.2920659	9796
-6.4923145	54.7877149	11514
-81.2362107	33.9815369	6308
-118.2436849	34.0522342	5845
-118.2436849	34.0522342	13160
-77.04411429999999	35.108493	5957
-73.087749	41.6032207	82
-119.4179324	36.778261	9019
-98.4842465	39.011902	9379
82.9739144	25.3176452	7763
-0.399752	54.283113	1777
-97.01500779999999	32.9545687	9804
-80.8100724	35.5848596	5472
-118.2436849	34.0522342	5613
2.1734035	41.3850639	10713
-122.3326504	47.40842079999999	5188
-95.712891	37.09024	10620
-62.782998	17.357822	11150
-97.3307658	32.7554883	8733
-71.3824374	42.4072107	3380
-85.3232139	51.253775	3861
-74.0059413	40.7127837	8256
-85.4824841	42.9486611	9202
-75.9755349	39.5746395	1383
-122.8690294	44.4837288	6821
103.819836	1.352083	9268
-81.8067523	26.438136	5917
3.080602	50.367874	107
-79.9958864	40.44062479999999	9386
-78.8233661	42.797281	3321
-105.7820674	39.5500507	2207
-6.63836	53.93192	6741
-74.4056612	40.0583238	3126
10.451526	51.165691	241
1.512364	47.7797361	9672
-99.9018131	31.9685988	6899
-81.5157535	27.6648274	3090
-73.9712488	40.7830603	190
-99.9018131	31.9685988	11004
-79.9223592	-2.1709979	6575
78.96288	20.593684	13231
-85.7555722	34.5820472	5963
-74.0059413	40.7127837	2185
-82.2482734	33.0238345	6669
-71.1804988	8.5698244	11132
-78.8783689	42.88644679999999	2381
-123.1207375	49.2827291	8621
-0.1277583	51.5073509	3630
-77.9447102	34.2257255	5469
-5.547079999999999	7.539988999999999	9954
-77.1945247	41.2033216	13391
36.8219462	-1.2920659	8140
-79.0079949	35.1414552	10258
-95.712891	37.09024	12009
-86.5186045	35.9828412	3031
-81.1637245	33.836081	7858
-73.7948516	40.7282239	5050
-76.80414189999999	39.7470469	4712
-84.0707681	39.6356154	838
-79.01929969999999	35.7595731	10885
-95.6160549	30.0971621	9017
-95.41716009999999	30.0799405	6110
-74.0059413	40.7127837	2772
138.252924	36.204824	3178
-56.16453139999999	-34.9011127	3060
-117.1130849	32.5839444	412
-118.6614809	34.1367208	2650
-16.2518467	28.4636296	10110
-77.9447102	34.2257255	2736
-79.9958864	40.44062479999999	9536
-96.73110340000001	43.5445959	1416
-99.9018131	41.4925374	910
-95.712891	37.09024	10919
-95.712891	37.09024	9058
-7.692053599999999	53.1423672	2263
-74.0059413	40.7127837	1295
-81.5157535	27.6648274	6465
-119.4179324	36.778261	11689
-89.3985283	40.6331249	10105
-79.81005309999999	40.7539538	612
-78.1633341	39.1856597	11140
-75.69719309999999	45.4215296	6089
-73.567256	45.5016889	5535
-88.9906312	40.5142026	4479
-73.1331651	41.18454149999999	7286
-118.6256552	34.4890363	7887
72.8776559	19.0759837	7899
-73.9859414	40.6195067	7776
-122.6764816	45.5230622	5901
-102.4107493	34.2331373	5973
-79.9282319	37.0560106	5885
-111.0937311	34.0489281	1832
-61.37097600000001	15.414999	6396
142.7027956	-20.9175738	4802
-97.092877	35.0077519	3665
-118.2436849	34.0522342	4840
-95.712891	37.09024	6105
-66.58973	6.42375	12290
-91.1279349	41.7697434	2616
-122.3645953	48.1706535	9417
-1.1743197	52.3555177	4815
-80.0684479	26.6167555	3328
-83.985	42.43472	5484
-122.3320708	47.6062095	7836
-95.712891	37.09024	12416
-91.8318334	35.20105	9191
-95.712891	37.09024	8631
-76.14742439999999	43.0481221	2723
101.975766	4.210484	13220
-95.712891	37.09024	13560
34.888822	-6.369028	9772
-95.712891	37.09024	12159
7.398574	9.0764785	2328
-96.6988856	33.0198431	6863
-1.519693	52.406822	9915
-74.4056612	40.0583238	2365
-81.398696	30.3344077	11699
-95.712891	37.09024	5995
-92.6376186	16.7370359	12077
-51.92528	-14.235004	11490
-89.3985283	40.6331249	12799
135	-82.86275189999999	2877
-94.39854749999999	35.3859242	4756
-97.7430608	30.267153	7092
-74.0059413	40.7127837	6306
-1.890401	52.48624299999999	9385
133.775136	-25.274398	9185
-90.1153638	32.4618086	7897
-95.712891	37.09024	10710
37.6173	55.755826	5670
-112.0740373	33.4483771	12454
-82.42491419999999	42.9708634	8969
-90.1570232	30.4043607	5489
-74.4056612	40.0583238	363
-74.0059413	40.7127837	7767
78.96288	20.593684	4036
-74.0059413	40.7127837	11336
114.154444	22.284722	2180
25.9231471	-24.6282079	11094
12.2020813	45.6532764	11696
-95.712891	37.09024	10624
-43.5124041	-20.3804396	1161
-111.2462146	32.3459069	3930
-95.712891	37.09024	175
-116.5452921	33.8302961	13496
-1.1743197	52.3555177	3378
-95.712891	37.09024	1175
-99.9018131	31.9685988	3094
-97.092877	35.0077519	9613
-83.48687679999999	41.6436603	3785
55.1004538	51.7666482	13129
-77.0368707	38.9071923	12677
-97.10806559999999	32.735687	10208
-83.1499322	42.65836609999999	12434
48.516388	15.552727	5647
28.8536084	40.9831984	1130
-79.06111829999999	40.0577277	4180
-102.3676431	31.8456816	1907
-73.1709604	44.4669941	9614
12.56738	41.87194	12458
-122.7140548	38.440429	12939
-117.1610838	32.715738	8612
-81.6045685	41.3878312	6262
131.8869243	43.1198091	6153
-73.13496099999999	40.789142	12215
-82.9000751	32.1656221	932
78.486671	17.385044	10109
77.209031	28.6139485	4881
-74.0059413	40.7127837	11976
29.154857	-19.015438	9168
-97.52672470000002	42.19917	12317
-95.712891	37.09024	12479
-88.5222702	34.9342548	11000
-74.2958532	40.9681661	1245
-113.4909267	53.544389	9604
-106.346771	56.130366	2306
-95.8519096	32.7451268	1093
-95.712891	37.09024	12664
-110.0675764	31.7128683	158
-46.4244141	-23.8916151	1084
-78.7355728	35.4132168	7184
-95.3698028	29.7604267	12129
-79.9958864	40.44062479999999	8109
-73.9441579	40.6781784	10672
2.3522219	48.856614	7090
-92.00319549999999	34.2284312	4795
-77.1945247	41.2033216	6029
-0.1277583	51.5073509	4374
-97.13837439999999	49.895136	2214
135.5021651	34.6937378	3086
-99.9018131	31.9685988	6589
-82.99879419999999	39.9611755	4294
-81.9495331	26.5628537	5430
-90.4290168	42.4166744	12293
-0.1299116	51.5109159	7337
-83.38351349999999	37.5531457	857
-3.7037902	40.4167754	11218
-89.3985283	32.3546679	2285
-81.5157535	27.6648274	3064
-74.3000878	40.2136754	3355
-99.133208	19.4326077	11672
-7.692053599999999	53.1423672	10560
-77.0368707	38.9071923	967
12.3155151	45.4408474	965
-84.406761	33.8372663	8837
-81.5157535	27.6648274	12877
-80.13731740000001	26.1224386	2982
-113.0596133	37.6773673	5783
-78.6381787	35.7795897	71
-81.65565099999999	30.3321838	7134
-74.0059413	40.7127837	10451
-84.3460896	46.52185799999999	972
10.451526	51.165691	9686
-99.9018131	31.9685988	2641
142.7027956	-20.9175738	4023
-116.419389	34.9592083	13596
-78.6568942	37.4315734	10640
-95.712891	37.09024	10723
-81.5157535	27.6648274	8276
-81.3961338	30.2841224	12695
7.661593799999999	51.43323669999999	4199
-106.6055534	35.0853336	12155
-95.712891	37.09024	13329
-95.712891	37.09024	10778
-1.1397592	52.6368778	6847
146.8270951	-41.1062504	12592
-95.712891	37.09024	6120
-96.88085819999999	35.7017314	5487
-95.712891	37.09024	11014
-116.4993012	43.8734978	8520
-106.2800242	43.41136040000001	2580
-86.5804473	35.5174913	6068
-94.4585625	38.71917639999999	3484
-117.7075526	33.5225261	8263
-3.7839131	56.00187750000001	509
3.3792057	6.5243793	102
-99.9018131	31.9685988	7878
-106.1480842	37.5791696	5935
-92.6400321	45.01636930000001	7065
-93.1076765	36.2297936	13563
-99.9018131	31.9685988	9062
-81.5157535	27.6648274	315
-76.45690730000001	37.4797018	7260
-95.712891	37.09024	12559
77.5945627	12.9715987	8081
-95.712891	37.09024	2775
-74.0395587	40.6994748	12120
-105.2551187	54.5259614	227
-51.92528	-14.235004	2491
-71.91425040000001	43.8717359	12048
-80.085059	42.12922409999999	3912
-90.0101153	40.1519897	2712
-118.2436849	34.0522342	7448
56.3653408	55.0653734	12679
-122.3365324	47.6208118	8773
-78.6568942	37.4315734	1494
-69.93121169999999	18.4860575	6238
-85.7584557	38.2526647	8026
-82.0105148	33.4734978	691
-119.4179324	36.778261	4028
-77.3733139	37.6087561	11320
-95.712891	37.09024	1105
-94.6169012	38.966673	6537
-80.1917902	25.7616798	1501
133.775136	-25.274398	13137
-81.5157535	27.6648274	11422
6.920913499999999	5.5214533	12406
-86.1349019	40.2671941	7895
-2.819282	56.480177	6392
-75.8383948	41.1074129	4769
38.7577605	8.9806034	6412
-82.90712300000001	40.4172871	3457
-84.1052256	40.742551	10291
-73.6446115	40.7479337	4615
-86.1349019	40.2671941	13449
-74.0059413	40.7127837	8251
-122.1817252	37.4529598	2474
-89.3985283	32.3546679	12520
80.2707184	13.0826802	11304
-78.6568942	37.4315734	11202
-78.7391813	35.5071044	13330
-86.5804473	35.5174913	2540
-81.5157535	27.6648274	8171
2.213749	46.227638	4981
-84.48386540000001	42.7369792	4462
-99.9018131	31.9685988	6668
-81.5157535	27.6648274	6380
116.407395	39.904211	13122
-98.4842465	39.011902	6625
-95.99277500000001	36.1539816	1953
-76.64127119999999	39.0457549	11752
-95.712891	37.09024	1412
-87.6297982	41.8781136	11965
28.9783589	41.0082376	6902
-83.91965200000001	39.0275659	11864
-74.0059413	40.7127837	828
-95.712891	37.09024	6958
-78.6381787	35.7795897	3587
-110.6884653	32.5680492	1158
-122.3320708	47.6062095	1131
-99.9018131	31.9685988	6825
157.2698902	-8.3256742	10928
-117.7075526	33.5225261	1355
-86.78277720000001	36.0331164	8003
10.267895	1.650801	1646
-85.48078249999999	32.6098566	8104
-91.96233269999999	30.9842977	1645
-7.692053599999999	53.1423672	1858
-84.5037164	38.0405837	490
-95.712891	37.09024	2200
-97.7972544	32.7592955	1404
-95.712891	37.09024	9151
-99.9018131	31.9685988	3977
-119.4179324	36.778261	13490
-95.712891	37.09024	7356
-2.7974835	54.5772323	10193
-79.3831843	43.653226	1368
-76.64127119999999	39.0457549	11178
-99.9018131	31.9685988	12860
-104.8560902	39.3722121	2948
-51.1255697	-29.6918991	1163
75.5626039	21.0076578	8734
-66.58973	6.42375	4284
-86.5804473	35.5174913	6828
-93.0551795	34.5037004	9294
-73.087749	41.6032207	12845
-72.33787439999999	43.3728635	5306
-74.0059413	40.7127837	2538
-74.072092	4.710988599999999	1142
-95.712891	37.09024	4435
10.451526	51.165691	7913
51.3889736	35.6891975	8805
-73.13496099999999	40.789142	4163
-122.2196962	47.8959443	9555
-73.9441579	40.6781784	541
139.490036	35.3391703	9540
-74.0059413	40.7127837	12177
-82.90712300000001	40.4172871	6663
-86.5804473	35.5174913	10067
-120.8958242	38.8375215	5856
-65.06594799999999	44.996616	3558
-71.3824374	42.4072107	4947
-85.60236429999999	44.3148443	4206
-76.9074739	39.0348317	1594
-86.8436124	34.1748208	10699
78.6568942	11.1271225	8775
-86.15477539999999	43.1319623	7019
55.2707828	25.2048493	7542
-83.0457538	42.331427	5263
-95.712891	37.09024	10014
-43.93523760000001	-19.9245018	5226
-122.3320708	47.6062095	7418
93.75366629999999	25.8629885	6254
-98.4842465	39.011902	4605
28.0473051	-26.2041028	5674
-94.315422	38.9914998	7737
-77.4360481	37.5407246	12950
-95.712891	37.09024	2596
-34.8448668	-7.119495799999999	1152
-80.1917902	25.7616798	3291
-3.188267	55.953252	7138
-81.5157535	27.6648274	4653
-86.5804473	35.5174913	5150
-95.712891	37.09024	10270
-119.4179324	36.778261	642
-95.712891	37.09024	12887
-82.90712300000001	40.4172871	5904
-95.712891	37.09024	4846
-4.2026458	56.49067119999999	1132
-90.0489801	35.1495343	10878
-113.8112386	52.2681118	385
-85.60236429999999	44.3148443	4566
-119.4179324	36.778261	13178
138.252924	36.204824	9136
-97.7430608	30.267153	12529
-82.8373654	34.6834382	7136
-117.7875749	33.7127687	45
-95.712891	37.09024	5583
-82.9000751	32.1656221	5042
-111.8997546	40.7694756	1306
121.473701	31.230416	4263
-90.5349087	19.8301251	3768
-86.7877668	33.4487183	3956
-75.375085	6.144837	6430
-78.6568942	37.4315734	7157
-79.01929969999999	35.7595731	2961
-1.1743197	52.3555177	6802
46.6752957	24.7135517	10254
-89.3985283	40.6331249	12890
88.2911207	22.8773866	5011
-84.2700179	37.8393332	13422
-0.1869644	5.6037168	8851
-74.0059413	40.7127837	1178
-76.8720961	38.78492110000001	3448
-78.1590813	38.7134301	4352
-89.761545	35.1598391	3620
-84.2472116	43.6155825	966
-79.01929969999999	35.7595731	12731
-119.2844621	46.2856907	2825
-74.0059413	40.7127837	10396
-73.2453946	40.7250986	3132
-77.6109219	43.16103	5083
-84.5120196	39.1031182	4010
-71.5642076	41.6885978	576
-81.6943605	41.49932	2480
-95.712891	37.09024	13101
-87.53893099999999	41.5647575	8357
-95.712891	37.09024	4182
-95.712891	37.09024	2490
-81.3792365	28.5383355	3163
-74.072092	4.710988599999999	9098
-83.6596596	41.9572676	4528
101.975766	4.210484	5722
-111.8314724	33.4151843	2605
-86.1349019	40.2671941	888
-149.4936733	64.2008413	5366
-99.9018131	31.9685988	5415
-80.782127	8.537981	13550
4.6821367	52.514146	4845
-80.4549026	38.5976262	8764
-116.419389	34.9592083	893
-41.8802333	-21.2000807	11988
-58.443832	-23.442503	10421
-95.712891	37.09024	913
149.0123679	-35.4734679	8890
-1.5623885	53.1046782	697
-74.0059413	40.7127837	10476
-74.4056612	40.0583238	7243
-0.0096694	51.5685564	2805
-71.0475773	42.3381437	11151
-81.7948103	26.1420358	4450
-81.65565099999999	30.3321838	1531
-81.8723084	26.640628	12035
-79.01929969999999	35.7595731	2024
-73.9712488	40.7830603	3904
113.266531	23.132191	13124
-74.0059413	40.7127837	3590
-95.712891	37.09024	11330
-79.9958864	40.44062479999999	1102
-85.7584557	38.2526647	13261
100.5017651	13.7563309	3554
-93.0888324	45.1602442	6997
-5.93012	54.59728500000001	8511
-97.3307658	32.7554883	12675
-94.6858998	46.729553	12137
-91.8318334	35.20105	7508
36.8219462	-1.2920659	8132
74.5697617	42.8746212	7037
-82.8001026	27.9658533	6119
10.451526	51.165691	9195
-95.712891	37.09024	471
18.4240553	-33.9248685	3887
32.8597419	39.9333635	2813
-74.0059413	40.7127837	2237
136.9065647	35.1801883	13075
-85.60236429999999	44.3148443	9467
-122.3320708	47.6062095	1212
-95.712891	37.09024	9729
-5.93012	54.59728500000001	3531
-81.5157535	27.6648274	11375
-71.3824374	42.4072107	5100
-90.19940419999999	38.6270025	3425
-86.158068	39.768403	6854
-71.0588801	42.3600825	9048
-97.8007348	30.50444659999999	4314
-75.0107245	40.2151086	1202
-96.79698789999999	32.7766642	6759
-79.9414266	37.2709704	8365
3.3792057	6.5243793	12248
-119.4179324	36.778261	246
-74.4056612	40.0583238	10666
139.6423446	35.4475073	12621
-3.435973	55.378051	2593
-74.0059413	40.7127837	4658
-4.251806	55.864237	10036
-76.64127119999999	39.0457549	2697
36.7550147	-1.3157577	13240
-119.7725868	36.7468422	12757
-95.3698028	29.7604267	6123
-122.2930075	47.1256761	12426
-82.0156736	33.0898731	6455
14.9856176	36.9790377	9717
-86.902298	32.3182314	9024
-77.4874416	39.0437567	3044
-95.712891	37.09024	10689
-86.5804473	35.5174913	10446
79.12418319999999	21.1487861	9509
-86.1349019	40.2671941	6533
-72.9492703	41.67176480000001	12058
-108.0389895	44.3799574	5258
-122.2724825	37.8028377	2398
-87.9037364	45.7869023	9965
-74.0059413	40.7127837	9799
76.9297354	9.009768	2881
-95.712891	37.09024	114
-79.01929969999999	35.7595731	833
-76.1382177	43.046569	10277
-85.7584557	38.2526647	6469
-99.9018131	31.9685988	7992
12.4963655	41.9027835	5281
144.9630576	-37.8136276	8947
-89.3985283	40.6331249	11743
-6.3290791	53.324	9843
-117.0382471	32.5149469	12923
37.906193	-0.023559	10460
-73.9441579	40.6781784	595
-70.93003759999999	42.85839250000001	9793
-91.1403196	30.4582829	6959
-122.6764816	45.5230622	5618
-74.4056612	40.0583238	7425
-77.0368707	38.9071923	5608
-119.4179324	36.778261	13199
-84.4277001	33.6407282	4765
-80.1917902	25.7616798	1001
-95.712891	37.09024	1438
-84.4213616	37.7724451	4681
-78.8783689	42.88644679999999	10924
-64.1887761	-31.42008329999999	9465
-51.92528	-14.235004	13218
-1.1743197	52.3555177	6280
-118.2436849	34.0522342	7577
-73.1709604	44.4669941	2249
-106.4850217	31.7618778	4356
12.4953899	9.2034963	9989
-117.2611527	34.0483474	1492
-95.712891	37.09024	1110
-95.712891	37.09024	6142
78.96288	20.593684	9481
-95.712891	37.09024	1994
115.8604572	-31.9505269	12796
-110.2772856	31.5455001	11272
-82.7637127	28.0780718	3481
78.96288	20.593684	5088
-76.78291999999999	37.6839644	11517
-81.2470574	32.115481	1975
4.835659	45.764043	2163
-117.1610838	32.715738	12181
-99.9018131	31.9685988	7794
-74.0059413	40.7127837	8800
-85.7053085	42.9133602	1947
-92.3292498	38.9478911	816
-117.5757622	47.4873895	10037
-99.9018131	31.9685988	7233
11.3307574	43.31880899999999	9187
-80.2683571	26.6617635	11638
-117.548661	33.9311257	5001
-74.4056612	40.0583238	11870
-80.60810889999999	28.0836269	5790
-81.5157535	27.6648274	5573
-73.76330349999999	40.7521045	357
-89.29033919999999	31.3271189	10839
-3.435973	55.378051	3949
-122.272747	37.8715926	8827
-83.357567	33.9519347	325
-95.712891	37.09024	1952
-82.7637127	28.0780718	7058
-86.5804473	35.5174913	2039
-86.8113781	33.4053867	1379
-82.9000751	32.1656221	182
-91.26864429999999	14.6888639	11574
-82.9000751	32.1656221	6097
-105.1054519	40.4423768	7910
-118.26297	34.051795	7649
-90.19940419999999	38.6270025	8088
-79.95676830000001	37.0460059	1228
-86.5804473	35.5174913	12238
78.96288	20.593684	7034
72.83106070000001	21.1702401	9774
77.2090212	28.6139391	6030
36.8219462	-1.2920659	8755
-97.5164276	35.4675602	2562
-95.3698028	29.7604267	1370
77.2090212	28.6139391	8442
-80.7434019	34.9245935	4408
-85.9538532	32.944012	8618
-81.3792365	28.5383355	5173
-87.56917349999999	33.2098407	8413
-111.4209697	40.7446905	11683
-84.8268925	38.8386738	4175
-72.93112889999999	5.7160848	11407
-104.990251	39.7392358	3487
-95.712891	37.09024	7353
-78.00045999999999	33.877334	1328
-99.9018131	31.9685988	4259
-85.60236429999999	44.3148443	12371
-76.3055144	40.0378755	5614
-81.53479519999999	28.4955593	13287
-95.712891	37.09024	8411
-71.0022705	42.2528772	6992
-95.712891	37.09024	7078
-122.7714861	45.4312294	8571
-89.3985283	32.3546679	87
-82.6392899	30.1896756	131
-77.0368707	38.9071923	13360
-87.6297982	41.8781136	9737
-81.09983419999999	32.0835407	5068
101.975766	4.210484	1671
-82.90712300000001	40.4172871	1320
-84.2963223	37.568694	1477
-95.712891	37.09024	3239
-91.8523711	36.7281154	3280
-86.9833417	34.6059253	3687
-106.346771	56.130366	3021
-73.9441579	40.6781784	1588
10.451526	51.165691	7500
-122.4194155	37.7749295	8873
-79.0414261	33.5510021	12055
-71.3824374	42.4072107	5721
-95.712891	37.09024	668
-95.712891	37.09024	7811
-91.8318334	37.9642529	4295
-79.01929969999999	35.7595731	12944
-118.7797571	34.0259216	3688
-81.5157535	27.6648274	5116
-95.712891	37.09024	9162
25.748151	61.92410999999999	8225
-80.13731740000001	26.1224386	5652
-92.586828	34.5645371	12895
84.12400799999999	28.394857	11593
-118.1331593	33.9401088	94
-97.5164276	35.4675602	6994
-73.976249	41.9053703	5060
-97.22806949999999	32.8159623	3962
-99.9018131	31.9685988	5202
-78.8866943	33.6890603	7331
-95.712891	37.09024	5015
-121.09191	36.63714340000001	7155
-95.712891	37.09024	7371
-96.79698789999999	32.7766642	3490
54.3773438	24.453884	7559
-79.01929969999999	35.7595731	6115
32.5825197	0.3475964	11371
-97.87722670000001	29.9891052	4501
-103.485862	25.5891476	8752
-119.4179324	36.778261	12663
-74.4056612	40.0583238	1346
-95.712891	37.09024	675
-85.8344383	41.5822716	8611
-81.5157535	27.6648274	6516
-81.1637245	33.836081	10799
-121.4943996	38.5815719	522
-95.712891	37.09024	4649
-98.20619339999999	19.0413068	11317
-99.9018131	31.9685988	12038
-77.0368707	38.9071923	4753
-95.712891	37.09024	9049
-119.1655138	35.381256	608
-91.8318334	35.20105	9124
-88.019826	44.51915899999999	68
-119.4179324	36.778261	8713
-82.90712300000001	40.4172871	4733
-95.712891	37.09024	10807
-0.370679	49.182863	9085
-95.712891	37.09024	5127
36.8219462	-1.2920659	9530
-98.49362819999999	29.4241219	8788
-79.8917139	40.0656291	13427
-95.30106239999999	32.3512601	890
-118.2436849	34.0522342	13147
-122.0651819	37.9100783	3886
-95.712891	37.09024	4703
-86.902298	32.3182314	5290
-74.0059413	40.7127837	6167
-74.4056612	40.0583238	3193
-93.6091064	41.6005448	3683
-118.2436849	34.0522342	13533
-95.712891	37.09024	5842
-78.87322019999999	34.150434	9552
-4.4213988	36.7212737	1396
-74.0143064	40.7878788	6316
-81.6051221	41.012833	12028
-76.3055144	40.0378755	6935
-74.4056612	40.0583238	4603
-97.7430608	30.267153	9433
-49.2653819	-25.4244287	10322
137.7407165	34.7144705	12783
-95.712891	37.09024	12111
34.7571856	-0.6651729	9733
-95.712891	37.09024	172
-74.0059413	40.7127837	10211
12.4963655	41.9027835	8630
-119.4179324	36.778261	9904
-79.5389289	40.3014581	9229
-86.7816016	36.1626638	8227
-74.0059413	40.7127837	7911
-79.01929969999999	35.7595731	7742
-83.5819659	40.29249069999999	2693
-122.2913078	37.8271784	9626
13.04432	48.25573	552
78.96288	20.593684	11544
-82.90712300000001	40.4172871	13227
-86.7816016	36.1626638	2873
-3.7038322	40.4167515	3341
-91.8318334	35.20105	523
-87.634453	41.934409	5730
-88.7878678	43.7844397	2550
-86.7816016	36.1626638	10287
-114.9817213	36.0395247	7110
-63.41681359999999	46.510712	1900
-95.712891	37.09024	83
-77.3832315	44.1627589	5781
3.3293747	6.6599971	904
-57.5079912	-25.5628115	6772
-84.3879824	33.7489954	3987
-99.9018131	31.9685988	12494
-92.685593	33.2109598	8400
-79.9958864	40.44062479999999	8166
-77.1945247	41.2033216	8035
36.8219462	-1.2920659	11258
-95.712891	37.09024	7458
-82.6267345	27.7518284	12027
-95.712891	37.09024	4157
-81.5157535	27.6648274	4519
-80.1917902	25.7616798	2176
-79.01929969999999	35.7595731	238
-83.144781	35.1295595	11323
-74.4056612	40.0583238	7480
-105.7858825	34.181077	8748
-95.712891	37.09024	3313
-76.34829309999999	39.5359406	3041
-3.188267	55.953252	10070
-91.96233269999999	30.9842977	4329
77.5945627	12.9715987	8587
144.7851531	-37.4713077	7423
139.6917064	35.6894875	5355
-80.4549026	38.5976262	11620
-92.20193499999999	34.7901892	3374
-80.34685929999999	25.5808323	3360
151.2092955	-33.8688197	3562
101.686855	3.139003	2093
-91.1403196	30.4582829	4074
-58.443832	-23.442503	9466
-76.8099041	18.0178743	12304
-105.7820674	39.5500507	1392
-96.3226072	30.6504141	117
-86.01335	39.9567548	8629
-81.5596427	30.209807	11265
-81.07675139999999	36.9051526	5061
-95.712891	37.09024	13537
-81.31243409999999	29.9012437	10742
-90.2942566	32.0962632	3641
151.2092955	-33.8688197	12994
-73.087749	41.6032207	9
-80.22134770000001	40.51697670000001	2046
85.31311939999999	25.0960742	7269
-119.4179324	36.778261	1221
-82.4571776	27.950575	11773
-96.95312249999999	32.8969875	9158
-84.58412229999999	40.8694927	6294
-73.1815104	45.2260631	2090
28.9783589	41.0082376	9489
-114.4734549	47.0015869	2996
-51.070535	0.0355735	10444
-127.6476206	53.7266683	2774
-73.974167	40.7625	538
-77.1945247	41.2033216	11393
19.040235	47.497912	10244
-86.5861037	34.7303688	3934
36.8219462	-1.2920659	12080
-80.1917902	25.7616798	2103
-83.2341028	42.6875323	3723
-106.6055534	35.0853336	13491
3.3792057	6.5243793	10019
-105.7820674	39.5500507	774
-76.6016331	38.9830557	1272
32.5853469	0.2781687	9974
-77.2277603	38.704282	8259
2.213749	46.227638	11845
78.96288	20.593684	9985
-117.1610838	32.715738	2884
-79.9223592	-2.1709979	11630
-95.712891	37.09024	8210
-105.2769824	40.0105047	1691
78.96288	20.593684	9278
-86.902298	32.3182314	7200
-81.5157535	27.6648274	3521
-2.970721	56.462018	1863
-122.3320708	47.6062095	4230
77.3177894	28.4089123	7990
-119.4179324	36.778261	11020
139.6917064	35.6894875	7647
-85.60236429999999	44.3148443	4099
-73.9712488	40.7830603	6025
121.5654268	25.0329636	9981
36.8219462	-1.2920659	10355
-74.7429384	40.2170534	8531
104.195397	35.86166	13176
-122.1686237	37.4227051	5650
-88.5426136	44.0247062	13076
-80.1917902	25.7616798	3947
-119.4179324	36.778261	3547
-105.7820674	39.5500507	13482
-119.4179324	36.778261	2817
-66.58973	6.42375	5703
77.2090212	28.6139391	9109
-95.712891	37.09024	8898
-79.6333674	43.58214299999999	6104
-71.5723953	43.1938516	13504
-111.0937311	34.0489281	9934
-80.94814889999999	41.8050539	10420
9.1859243	45.4654219	1892
-94.6826961	29.7730001	1123
-97.3307658	32.7554883	12175
-84.5120196	39.1031182	11812
174.7633315	-36.8484597	10195
-2.7044052	53.7632254	5914
-118.61481	34.2506356	13492
-120.5542012	43.8041334	7152
28.0473051	-26.2041028	2417
-93.097702	41.8780025	4909
-78.6568942	37.4315734	6289
-87.6297982	41.8781136	8682
-2.2426305	53.4807593	5566
-76.860565	38.95825910000001	9305
-0.1277583	51.5073509	478
-2.70309	53.763201	7611
-94.6858998	46.729553	2795
2.3522219	48.856614	9204
-6.2603097	53.3498053	5648
-95.99798829999999	41.2523634	11324
-83.0457538	42.331427	12584
-3.188267	55.953252	4656
-122.3320708	47.6062095	8912
-77.09098089999999	38.8816208	5038
-85.60236429999999	44.3148443	52
-99.9018131	31.9685988	1758
-86.5804473	35.5174913	1436
-81.1637245	33.836081	9065
-84.3879824	33.7489954	11505
-82.90712300000001	40.4172871	3849
-115.1398296	36.1699412	5947
-74.0059413	40.7127837	12625
-95.8243956	29.7857853	11653
-80.4549026	38.5976262	10747
-122.3045815	47.9445396	6673
-98.4842465	39.011902	13291
-71.3824374	42.4072107	480
-72.2321139	48.881683	3969
-111.8389726	40.5649781	12855
-105.8700901	34.5199402	10514
13.404954	52.52000659999999	9921
-95.55077709999999	30.7235263	1054
-84.2700179	37.8393332	3404
-69.3473509	10.0677719	11891
126.9779692	37.566535	10708
-95.712891	37.09024	6736
-118.2436849	34.0522342	12669
78.96288	20.593684	9616
-88.88530779999999	30.3960318	6540
-96.11080659999999	33.1384488	8825
-94.6858998	46.729553	6832
-111.9400054	33.4255104	2682
-95.446426	29.652751	10082
-83.21131919999999	42.5467012	3266
37.5326	55.6074369	8957
-83.9207392	35.9606384	7736
-2.238156	51.8642449	12386
-96.79698789999999	32.7766642	4177
-3.435973	55.378051	12441
-76.5319854	3.4516467	8200
-1.0879769	50.8197675	10041
2.213749	46.227638	949
-98.49362819999999	29.4241219	9415
-82.92864279999999	42.6651965	2622
-74.23908279999999	40.7985699	11503
-112.0740373	33.4483771	11416
-71.0952891	42.5256563	7300
-66.90360629999999	10.4805937	12395
-99.9018131	31.9685988	2408
30.7565467	-0.051128	13141
30.802498	26.820553	1474
-95.712891	37.09024	8632
-95.712891	37.09024	11702
28.0473051	-26.2041028	9695
-76.0496476	41.6000761	12447
-81.5157535	27.6648274	2276
133.775136	-25.274398	8835
-85.48078249999999	32.6098566	3468
-118.2436849	34.0522342	9463
-78.7811169	35.79154	8551
-81.6943605	41.49932	7868
28.0473051	-26.2041028	11686
-81.5157535	27.6648274	1881
-0.1277583	51.5073509	9577
-90.0489801	35.1495343	1775
-0.1277583	51.5073509	9635
-81.5157535	27.6648274	6512
12.4963655	41.9027835	3818
-117.8311428	33.7174708	12026
-80.4549026	38.5976262	7362
-86.1349019	40.2671941	13132
-95.712891	37.09024	656
-74.4056612	40.0583238	9869
-95.712891	37.09024	12815
-117.1610838	32.715738	1247
-77.0368707	38.9071923	11009
-95.712891	37.09024	9074
25.8048521	-24.9366094	2238
-79.01929969999999	35.7595731	4183
-95.712891	37.09024	12808
-95.712891	37.09024	9656
-87.98895429999999	41.8897519	8644
31.2357116	30.0444196	10123
-76.64127119999999	39.0457549	6126
-99.9018131	31.9685988	1833
-95.712891	37.09024	9070
-96.6460877	28.9785947	9334
-81.5157535	27.6648274	5295
-117.8311428	33.7174708	13428
-64.1887761	-31.42008329999999	11260
-114.7420408	44.0682019	12468
139.6532473	35.6465721	13004
-121.3153096	44.0581728	733
-95.712891	37.09024	7472
-86.1349019	40.2671941	8965
-122.2913078	37.8271784	4042
-80.1300455	25.790654	2810
-74.2231802	40.393693	342
12.56738	41.87194	8668
-86.15209689999999	34.2031662	10540
-117.3794834	33.1958696	5519
-82.8087864	40.0811745	8534
-82.9000751	32.1656221	7496
-92.9475061	17.989456	2095
12.4963655	41.9027835	10289
-74.0059413	40.7127837	2692
-81.5484578	39.3270191	6567
-76.64127119999999	39.0457549	1077
-74.0059413	40.7127837	822
-95.712891	37.09024	1473
-79.3831843	43.653226	12820
-118.2436849	34.0522342	4311
-74.16509909999999	40.4289526	8932
-122.802962	49.0253085	1300
-73.974167	40.7625	4569
-97.1722732	42.8880517	4137
77.6666424	13.0269171	9104
15.2551187	54.5259614	12131
-81.1637245	33.836081	10804
-82.9000751	32.1656221	10863
-75.52766989999999	38.9108325	3499
-75.88130749999999	41.2459149	3507
31.0218404	-29.85868039999999	10755
-95.712891	37.09024	11388
-74.03238	40.71676	5911
78.96288	20.593684	8406
-95.712891	37.09024	6810
-83.1140771	40.0992294	7793
-86.5953716	36.2086984	4426
-95.712891	37.09024	3113
-80.1917902	25.7616798	5388
-74.3473717	40.6589912	3533
-95.712891	37.09024	7884
77.5945627	12.9715987	7592
-85.3506136	44.5769496	5928
-75.1652215	39.9525839	8670
-87.83285049999999	42.4461322	13565
-117.8370968	33.6446621	4701
-81.5157535	27.6648274	8295
-95.712891	37.09024	1311
-84.3879824	33.7489954	4399
-74.0059413	40.7127837	3872
-119.4179324	36.778261	3311
-83.1338214	42.680588	3426
-79.3831843	43.653226	12810
-63.5752387	44.64876350000001	4428
-81.5157535	27.6648274	6468
11.0796553	49.4254092	10256
-112.0740373	33.4483771	441
-73.8648268	40.8447819	4970
-79.51986959999999	8.9823792	1756
-80.1917902	25.7616798	12569
60.6057025	56.83892609999999	8363
-86.7816016	36.1626638	5090
-81.5157535	27.6648274	3675
-79.3831843	43.653226	7778
-74.4056612	40.0583238	8693
-95.712891	37.09024	8270
-95.712891	37.09024	8299
-58.3815591	-34.6036844	4526
-77.31109459999999	38.6370622	6953
-86.902298	32.3182314	4164
-95.99277500000001	36.1539816	12908
75.69587170000001	26.8714583	4706
8.675277	9.081999	1802
-117.4260466	47.6587802	13070
14.995463	46.151241	7111
-91.8318334	37.9642529	625
138.252924	36.204824	11143
-122.447511	37.7215968	7598
-3.435973	55.378051	10262
-82.53065269999999	27.3364347	8498
-95.712891	37.09024	9938
-94.5785667	39.0997265	6505
-118.2436849	34.0522342	9978
-0.1277583	51.5073509	11785
7.0498442	4.815554	9378
127.766922	35.907757	12983
-77.4105409	39.41426879999999	2354
-75.6062105	40.7526123	1855
-97.7430608	30.267153	12936
-91.8318334	37.9642529	6593
-95.712891	37.09024	13046
-97.0403352	32.8998091	6901
-0.570409	51.23622	9847
-8.4635874	54.2616476	5984
7.791250000000001	48.813288	13226
-75.52990659999999	40.6800962	5298
-70.6667562	41.5232451	8549
-2.2426305	53.4807593	4932
-109.0260103	44.7661251	9129
7.0498442	4.815554	13520
-87.6297982	41.8781136	5686
-0.1277583	51.5073509	12646
-115.1398296	36.1699412	12237
-74.0434736	40.8859325	4377
-71.4774291	41.5800945	4641
31.1366715	-25.0519121	4151
-118.2436849	34.0522342	11650
-95.712891	37.09024	1987
-95.712891	37.09024	13572
18.0685808	59.32932349999999	6979
127.3845475	36.3504119	12824
-5.93012	54.59728500000001	2897
-118.2436849	34.0522342	7011
33.38227639999999	35.1855659	7118
-86.902298	32.3182314	2147
-74.4056612	40.0583238	11561
-89.3985283	40.6331249	4443
-103.3494376	20.6595382	8602
-88.67727789999999	35.7667339	6812
18.0685808	59.32932349999999	9461
-98.4842465	39.011902	11633
8.6821267	50.1109221	7792
-95.712891	37.09024	13018
-82.90712300000001	40.4172871	421
-83.61299389999999	42.2411499	11602
-95.712891	37.09024	4486
-102.4107493	34.2331373	540
-77.2497049	38.6581722	6786
-95.712891	37.09024	4348
-82.14009229999999	29.1871986	6879
-77.27165049999999	38.7934466	12043
-118.2436849	34.0522342	3082
-82.9000751	32.1656221	7860
-119.2290316	34.274646	8845
-82.4481944	8.777231800000001	1347
-95.712891	37.09024	6255
-63.580611	6.3585216	2347
-95.712891	37.09024	81
-81.644519	28.8024918	8203
-123.1207375	49.2827291	6549
-95.712891	37.09024	4454
-86.80082279999999	33.4717732	13015
-79.6441198	43.5890452	4808
-105.2551187	54.5259614	8878
-95.712891	37.09024	6878
-51.92528	-14.235004	11756
-73.8448469	40.718106	10212
-121.4943996	38.5815719	11587
-84.7999382	34.1650972	6811
-94.6858998	46.729553	11676
-98.4933873	33.9137085	3574
-73.7948516	40.7282239	12807
-89.2137254	43.1836046	7154
0.5413931	51.4055644	4413
-104.990251	39.7392358	1085
-75.05517139999999	39.8648357	47
78.96288	20.593684	9928
121.0267879	14.739952	2353
-86.158068	39.768403	1049
-79.01929969999999	35.7595731	12210
-95.712891	37.09024	7957
-93.097702	41.8780025	8862
-75.1301994	39.994212	2803
-106.7636538	32.3199396	1319
-121.082167	38.6857367	12354
-83.1040912	42.4625362	1420
-84.6768796	34.0659329	7080
-71.0588801	42.3600825	13587
-96.76780389999999	46.8737648	8677
-77.47526669999999	38.7509488	12272
-116.5765035	53.9332706	1866
-118.2436849	34.0522342	12167
-90.5224574	38.5857044	7352
-76.6246886	39.1626084	11747
-74.0059413	40.7127837	2751
-66.590149	18.220833	6016
-118.2436849	34.0522342	7125
-95.712891	37.09024	9397
-111.9260519	33.4941704	4395
-95.712891	37.09024	6388
22.937506	-30.559482	13179
-74.4056612	40.0583238	8722
-79.3831843	43.653226	6012
-90.19940419999999	38.6270025	638
-88.1535352	41.7508391	2462
-118.2436849	34.0522342	9183
-83.3393462	37.3112042	1565
-88.89653	13.794185	8451
-88.6000478	37.0833893	453
-80.3414693	33.9204354	13143
72.5713621	23.022505	8487
103.0472164	5.3678639	771
-90.0715323	29.95106579999999	7523
-0.4792436	52.13609049999999	6822
-95.712891	37.09024	8481
3.3792057	6.5243793	10584
-82.0105148	33.4734978	4844
-95.712891	37.09024	1391
-81.5157535	27.6648274	2468
-91.96233269999999	30.9842977	5300
-74.0684751	41.1112069	4911
-99.9018131	31.9685988	8642
-79.9958864	40.44062479999999	1073
-74.0059413	40.7127837	9399
-77.2497049	38.6581722	7498
-95.712891	37.09024	11337
-7.8639314	42.3357829	3235
-83.6874562	43.0125274	339
-78.6568942	37.4315734	1873
-76.64127119999999	39.0457549	12693
-100.3820772	35.91282	1800
-82.4571776	27.950575	2198
-99.9018131	31.9685988	3105
-85.7584557	38.2526647	4580
-82.90712300000001	40.4172871	11559
77.2090212	28.6139391	13322
-82.38790519999999	35.6114065	970
-96.8483311	32.3865312	11405
8.6724335	49.3987524	8858
-95.712891	37.09024	11050
-77.03739209999999	38.897396	7077
84.12400799999999	28.394857	9325
-2.12882	52.586973	2965
144.793731	13.444304	12879
-2.932931	54.892473	5860
-77.3254485	38.8015452	654
-117.9495083	34.0200114	3438
-98.4842465	39.011902	1159
-82.9000751	32.1656221	11137
35.8479094	32.5569557	1793
-89.6645266	35.042036	1654
-86.902298	32.3182314	3424
-117.1610838	32.715738	4034
-90.4531535	31.2437872	11914
-90.0489801	35.1495343	7825
-86.8950297	41.70753939999999	2757
-93.27772259999999	44.7677424	11429
-86.902298	32.3182314	7614
-81.5157535	27.6648274	3685
-98.0028892	30.0537607	3319
-83.1465875	41.5067173	10394
-81.5157535	27.6648274	6259
-73.9441579	40.6781784	9821
-79.7919754	36.0726354	9026
-81.5157535	27.6648274	10791
7.0115552	51.4556432	8869
-95.712891	37.09024	11267
-78.8783689	42.88644679999999	1181
-80.2306019	26.7083984	11942
-84.6768796	34.0659329	9643
-81.3792365	28.5383355	4490
-77.0368707	38.9071923	1010
-81.7799871	24.5550593	7865
-94.96159399999999	29.7270612	13311
-2.58791	51.454513	7132
-79.01929969999999	35.7595731	13333
-119.4179324	36.778261	2131
30.3794118	-29.6006068	7056
73.63301659999999	19.3774608	11154
-119.4179324	36.778261	11227
144.9630576	-37.8136276	6858
28.0473051	-26.2041028	11188
-85.48078249999999	32.6098566	1875
-95.712891	37.09024	409
-111.0937311	39.3209801	10790
-74.38309199999999	40.561196	9431
118.763232	32.061707	9366
84.12400799999999	28.394857	9987
-122.6764816	45.5230622	4409
-96.53665799999999	33.7556593	4110
-80.8431267	35.2270869	11314
-120.8958242	38.8375215	4922
-122.6026274	47.1698197	3520
-120.4596437	38.1374202	4416
8.675277	9.081999	12107
5.2475518	13.0058731	2380
-3.435973	55.378051	9499
-1.5488245	47.21626209999999	9942
-74.0059413	40.7127837	9841
-118.2436849	34.0522342	9898
-1.0779515	54.5974636	11848
-1.61778	54.978252	10122
-81.88400390000001	32.3671237	11842
-106.6055534	35.0853336	9500
-85.3232139	51.253775	4974
-74.0059413	40.7127837	417
-86.158068	39.768403	6446
-74.0059413	40.7127837	2350
13.404954	52.52000659999999	9594
35.862285	33.854721	13248
-95.712891	37.09024	4166
-105.7820674	39.5500507	11950
-119.4179324	36.778261	11635
-51.1796683	-29.1634031	567
-84.39827629999999	39.5150576	13417
-7.6456553	39.28767440000001	10013
-82.3940104	34.85261759999999	12867
-98.49362819999999	29.4241219	1006
-79.750597	40.0870182	7166
-51.1695824	-23.3044524	6877
-106.346771	56.130366	7239
-119.4179324	36.778261	6095
-116.419389	38.8026097	2499
-71.1454888	42.8897662	10868
-85.6891289	33.7473247	6019
25.48583	42.733883	9208
-81.5157535	27.6648274	5180
-95.55077709999999	30.7235263	3840
-105.7820674	39.5500507	8709
-119.1372338	46.2112458	4469
-84.3879824	33.7489954	7368
8.468945999999999	60.47202399999999	11646
-73.98153370000001	40.7264773	13134
-95.712891	37.09024	2648
-90.1517605	34.9578727	12438
-74.961517	39.8519447	11739
-99.133208	19.4326077	4349
-119.4179324	36.778261	13495
-111.0937311	34.0489281	1941
-119.4179324	36.778261	7329
-117.1610838	32.715738	3141
-117.8370968	33.6446621	3197
37.6306782	-0.2279535	8599
-117.1610838	32.715738	3384
-95.712891	37.09024	2029
-74.4056612	40.0583238	3786
-121.6219177	39.7596061	8951
-79.9958864	40.44062479999999	9226
-105.7820674	39.5500507	6789
-159.7852843	-18.8579523	2293
-94.5785667	39.0997265	6303
-1.1743197	52.3555177	1112
70.80215989999999	22.3038945	8729
-74.4056612	40.0583238	10641
-95.712891	37.09024	3471
-83.357567	33.9519347	6753
-117.9992265	33.660297	12779
-116.3744556	33.7222445	7663
-89.03899559999999	42.3472406	4629
-86.1089301	42.7875235	1851
-95.712891	37.09024	2941
-85.60236429999999	44.3148443	7976
-95.712891	37.09024	2088
-120.7401386	47.7510741	11906
-71.1270268	42.2832142	6277
-83.2784851	30.8327022	8758
-74.0059413	40.7127837	3253
-118.1445155	34.1477849	600
-119.4179324	36.778261	3482
139.7785829	35.6826937	430
-82.4571776	27.950575	1323
7.5407494	44.9334927	5570
-49.26478849999999	-16.6868824	6473
-76.43079639999999	40.03926420000001	9634
-78.6568942	37.4315734	606
-83.3977101	41.9164343	1659
38.996815	34.80207499999999	8454
-81.5157535	27.6648274	1753
106.9057439	47.88639879999999	5523
-77.0368707	38.9071923	4561
-95.712891	37.09024	3287
-95.3698028	29.7604267	4697
-80.4549026	38.5976262	95
-71.4774291	41.5800945	7540
-122.9542972	46.7162136	9761
-97.8422878	31.3409254	4967
-74.0059413	40.7127837	4221
-119.7725868	36.7468422	9219
-69.4454689	45.253783	10810
12.016667	8.5	198
-76.5913571	39.7537146	6000
-79.7739457	34.9393201	8029
-77.9447102	34.2257255	7394
103.819836	1.352083	9349
-76.64127119999999	39.0457549	1224
-7.692053599999999	53.1423672	1578
-87.6297982	41.8781136	2
-82.310119	34.77873	4948
-120.8958242	38.8375215	3348
-82.4571776	27.950575	3138
-90.0715323	29.95106579999999	3489
-77.1945247	41.2033216	3528
-46.63330939999999	-23.5505199	6102
-74.3473717	40.6589912	6149
-87.6235719	41.8802802	13145
-73.7948516	40.7282239	9016
-122.7263522	45.55651460000001	12694
-98.49362819999999	29.4241219	2411
-78.7811169	35.79154	11273
-75.69719309999999	45.4215296	5656
127.8055832	26.3344266	8143
3.080602	50.367874	296
-118.2436849	34.0522342	4787
-81.1637245	33.836081	5962
-71.542969	-35.675147	879
-95.712891	37.09024	5111
-80.6075513	28.3200067	3932
-95.712891	37.09024	11400
151.2092955	-33.8688197	3015
-95.712891	37.09024	5907
-86.25198979999999	41.6763545	4031
-123.0264759	49.09521549999999	11355
-85.8771592	31.18156339999999	516
-90.8764138	32.3474027	5187
-82.7717684	28.0197404	398
-86.1274888	40.0428151	7984
-95.3698028	29.7604267	3389
-115.1398296	36.1699412	4115
74.8559568	12.9141417	3428
36.8219462	-1.2920659	8145
-82.2363299	34.1323269	4186
-85.60236429999999	44.3148443	11301
-81.3792365	28.5383355	8971
-71.4372796	41.7798226	443
-122.2913078	37.8271784	736
-122.2928974	47.1853785	7852
-77.9447102	34.2257255	6247
-74.1854209	40.8067546	8000
-118.5739621	34.2048586	626
-149.4936733	64.2008413	4780
-81.6943605	41.49932	933
-104.8202462	41.1399814	4
-77.0368707	38.9071923	6715
-72.57784149999999	44.5588028	6312
-103.3496092	20.6596988	8989
-95.712891	37.09024	12816
-105.0813734	39.7047095	4363
-74.0059413	40.7127837	4067
-118.2436849	34.0522342	8608
100.5017651	13.7563309	12964
-3.435973	55.378051	3195
-95.712891	37.09024	11002
-86.5804473	35.5174913	10929
-81.5157535	27.6648274	6934
-71.3824374	42.4072107	2231
-112.0740373	33.4483771	11037
120.152792	30.267443	2397
-91.96233269999999	30.9842977	12226
72.15193040000001	21.7644725	8886
-78.6568942	37.4315734	8092
-97.092877	35.0077519	11322
127.945404	26.501301	1269
-97.46330019999999	35.6105487	4619
28.0391009	-26.1806445	10685
-123.3676014	44.540121	1446
-70.6619888	42.6159285	2915
-95.3698028	29.7604267	3762
-3.74922	40.46366700000001	8488
-75.38547280000002	38.6901134	12198
-64.6184657	18.4286115	9668
-77.0368707	38.9071923	8163
-95.68901849999999	39.0558235	12645
78.96288	20.593684	10163
-95.712891	37.09024	4694
-87.6297982	41.8781136	7341
-106.6055534	35.0853336	11982
-95.712891	37.09024	947
-94.5785667	39.0997265	9033
-80.1917902	25.7616798	8351
-74.0059413	40.7127837	7290
-122.6764816	45.5230622	9321
9.162437599999999	50.6520515	2666
-74.04256939999999	40.7212584	2340
-83.985	42.43472	4058
-1.6162709	6.6666004	10397
-99.9018131	41.4925374	11509
-82.5436722	27.763383	7853
-95.712891	37.09024	13057
-87.66752919999999	34.7448112	7912
-81.5157535	27.6648274	5147
-93.00714579999999	42.1880411	5468
174.7633315	-36.8484597	1265
-104.990251	39.7392358	4282
-81.5157535	27.6648274	6112
-88.2433829	40.1164204	5206
-99.9018131	31.9685988	6737
-74.0059413	40.7127837	6917
-92.6387968	38.1986435	954
-80.1917902	25.7616798	9154
-95.712891	37.09024	507
-82.9000751	32.1656221	11139
-85.60236429999999	44.3148443	10736
-118.123015	33.7568169	6399
135.265455	34.7202277	9566
-94.90024129999999	39.2486126	3048
-2.081112	52.512255	12156
-83.55521200000001	41.6639383	4612
135.5012962	34.6690539	11866
-74.6348828	40.92593189999999	12362
-95.712891	37.09024	11335
-84.3879824	33.7489954	7646
